Person,Name,Sex
1,Matt,M
2,Nikita,F
3,Roxanne,F
4,Paul,M
5,Linda,F
6,Henry,M
7,Marguerite,F
8,Roxie,F
9,EdmundSr,M
10,Sandra,F
11,Raymond,M
12,Olon,M
13,Christy,F
14,Joel,M
15,Sharon,F
16,Joseph,M
17,Bridget,F
18,Chris,M
19,Lucas,M
20,Logan,M
21,Nicholas,M
22,Joey,M
23,Courtney,F
24,Larry,M
25,Pammy,F
26,ThomasSr,M
27,Georgie,M
28,Pauline,F
29,ThomasJr,M
30,Kerry,F
31,Mark,M
32,Douglas,M
33,Sarah,F
34,Renee,F
35,Miles,M
36,April,F
37,Mike,M
38,Danika,F
39,Becky,F
40,Amanda,F
41,Allen,M
42,Dakota,M
43,Dylan,M
44,Caitlin,F
45,Ralph,M
46,EdmundJr,M
47,Bernice,F
48,FredSr,M
49,Judy,F
50,FredJr,M
51,Crystal,F
52,Charles,M
53,Diane,F
54,Shawn,M
55,Kelly,F
56,Sherri,F
57,George,M
58,Francis,F
59,Meredith,F
60,SueAnn,F
61,Scott,M
62,Phillip,M
63,Chelsea,F
64,Aaron,M
65,Emma,F
66,Isabel,F
67,Michael,M
68,Cecile,F
69,LloydSr,M
70,LloydJr,M
71,Raymond,M
72,Chasity,F
73,Tina,F
74,Marie,F
75,Tommy,M
76,Al,M
77,Donald,M
78,LindaQ,F
79,AmandaQ,F
80,Ben,M
81,Nelson,M
82,Shiela,F
83,Tyler,M
84,Mary,F
85,Ricky,M
86,BeckySue,F
87,Michelle,F
88,Kevin,M
89,Robert,M
90,David,M
91,Sherry,F
92,MaryT,F
93,Joanne,F
94,Honore,M
95,Maxine,F
96,Patrick,M
97,Kenneth,M
98,Gene,M
99,Dennis,M
100,Hazel,F
